family,father,mother,midparentHeight,children,childNum,gender,childHeight
1,78.5,67.0,75.43,4,1,male,73.2
1,78.5,67.0,75.43,4,2,female,69.2
1,78.5,67.0,75.43,4,3,female,69.0
1,78.5,67.0,75.43,4,4,female,69.0
2,75.5,66.5,73.66,4,1,male,73.5
2,75.5,66.5,73.66,4,2,male,72.5
2,75.5,66.5,73.66,4,3,female,65.5
2,75.5,66.5,73.66,4,4,female,65.5
3,75.0,64.0,72.06,2,1,male,71.0
3,75.0,64.0,72.06,2,2,female,68.0
4,75.0,64.0,72.06,5,1,male,70.5
4,75.0,64.0,72.06,5,2,male,68.5
4,75.0,64.0,72.06,5,3,female,67.0
4,75.0,64.0,72.06,5,4,female,64.5
4,75.0,64.0,72.06,5,5,female,63.0
5,75.0,58.5,69.09,6,1,male,72.0
5,75.0,58.5,69.09,6,2,male,69.0
5,75.0,58.5,69.09,6,3,male,68.0
5,75.0,58.5,69.09,6,4,female,66.5
5,75.0,58.5,69.09,6,5,female,62.5
5,75.0,58.5,69.09,6,6,female,62.5
6,74.0,68.0,73.72,1,1,female,69.5
7,74.0,68.0,73.72,6,1,male,76.5
7,74.0,68.0,73.72,6,2,male,74.0
7,74.0,68.0,73.72,6,3,male,73.0
7,74.0,68.0,73.72,6,4,male,73.0
7,74.0,68.0,73.72,6,5,female,70.5
7,74.0,68.0,73.72,6,6,female,64.0
8,74.0,66.5,72.91,3,1,female,70.5
8,74.0,66.5,72.91,3,2,female,68.0
8,74.0,66.5,72.91,3,3,female,66.0
9,74.5,66.0,72.89,1,1,female,66.0
10,74.0,65.5,72.37,1,1,female,65.5
11,74.0,62.0,70.48,8,1,male,74.0
11,74.0,62.0,70.48,8,2,male,70.0
11,74.0,62.0,70.48,8,3,female,68.0
11,74.0,62.0,70.48,8,4,female,67.0
11,74.0,62.0,70.48,8,5,female,67.0
11,74.0,62.0,70.48,8,6,female,66.0
11,74.0,62.0,70.48,8,7,female,63.5
11,74.0,62.0,70.48,8,8,female,63.0
12,74.0,61.0,69.94,1,1,female,65.0
13,73.0,67.0,72.68,2,1,male,71.0
13,73.0,67.0,72.68,2,2,female,62.0
14,73.0,67.0,72.68,2,1,male,68.0
14,73.0,67.0,72.68,2,2,male,67.0
15,73.0,66.5,72.41,3,1,male,71.0
15,73.0,66.5,72.41,3,2,male,70.5
15,73.0,66.5,72.41,3,3,female,66.7
16,73.0,65.0,71.6,9,1,male,72.0
16,73.0,65.0,71.6,9,2,male,70.5
16,73.0,65.0,71.6,9,3,male,70.2
16,73.0,65.0,71.6,9,4,male,70.2
16,73.0,65.0,71.6,9,5,male,69.2
16,73.0,65.0,71.6,9,6,female,68.7
16,73.0,65.0,71.6,9,7,female,66.5
16,73.0,65.0,71.6,9,8,female,64.5
16,73.0,65.0,71.6,9,9,female,63.5
17,73.0,64.5,71.33,6,1,male,74.0
17,73.0,64.5,71.33,6,2,male,73.0
17,73.0,64.5,71.33,6,3,male,71.5
17,73.0,64.5,71.33,6,4,male,62.5
17,73.0,64.5,71.33,6,5,female,66.5
17,73.0,64.5,71.33,6,6,female,62.3
18,73.0,64.0,71.06,3,1,female,66.0
18,73.0,64.0,71.06,3,2,female,64.5
18,73.0,64.0,71.06,3,3,female,64.0
19,73.2,63.0,70.62,1,1,female,62.7
20,72.7,69.0,73.61,8,1,male,73.2
20,72.7,69.0,73.61,8,2,male,73.0
20,72.7,69.0,73.61,8,3,male,72.7
20,72.7,69.0,73.61,8,4,female,70.0
20,72.7,69.0,73.61,8,5,female,69.0
20,72.7,69.0,73.61,8,6,female,68.5
20,72.7,69.0,73.61,8,7,female,68.0
20,72.7,69.0,73.61,8,8,female,66.0
21,72.0,68.0,72.72,3,1,male,73.0
21,72.0,68.0,72.72,3,2,female,68.5
21,72.0,68.0,72.72,3,3,female,68.0
22,72.0,67.0,72.18,3,1,male,73.0
22,72.0,67.0,72.18,3,2,male,71.0
22,72.0,67.0,72.18,3,3,female,67.0
23,72.0,65.0,71.1,7,1,male,74.2
23,72.0,65.0,71.1,7,2,male,70.5
23,72.0,65.0,71.1,7,3,male,69.5
23,72.0,65.0,71.1,7,4,female,66.0
23,72.0,65.0,71.1,7,5,female,65.5
23,72.0,65.0,71.1,7,6,female,65.0
23,72.0,65.0,71.1,7,7,female,65.0
24,72.0,65.5,71.37,1,1,female,65.5
25,72.0,64.0,70.56,2,1,female,66.0
25,72.0,64.0,70.56,2,2,female,63.0
26,72.0,63.0,70.02,5,1,male,70.5
26,72.0,63.0,70.02,5,2,male,70.5
26,72.0,63.0,70.02,5,3,male,69.0
26,72.0,63.0,70.02,5,4,female,65.0
26,72.0,63.0,70.02,5,5,female,63.0
27,72.0,63.0,70.02,3,1,male,69.0
27,72.0,63.0,70.02,3,2,male,67.0
27,72.0,63.0,70.02,3,3,female,63.0
28,72.0,63.0,70.02,6,1,male,73.0
28,72.0,63.0,70.02,6,2,male,67.0
28,72.0,63.0,70.02,6,3,female,70.5
28,72.0,63.0,70.02,6,4,female,70.0
28,72.0,63.0,70.02,6,5,female,66.5
28,72.0,63.0,70.02,6,6,female,63.0
29,72.5,63.5,70.54,3,1,female,67.5
29,72.5,63.5,70.54,3,2,female,67.2
29,72.5,63.5,70.54,3,3,female,66.7
30,72.0,62.0,69.48,1,1,female,64.0
31,72.5,62.0,69.73,6,1,male,71.0
31,72.5,62.0,69.73,6,2,male,70.0
31,72.5,62.0,69.73,6,3,male,70.0
31,72.5,62.0,69.73,6,4,female,66.0
31,72.5,62.0,69.73,6,5,female,65.0
31,72.5,62.0,69.73,6,6,female,65.0
32,72.0,62.0,69.48,5,1,male,74.0
32,72.0,62.0,69.48,5,2,male,72.0
32,72.0,62.0,69.48,5,3,male,69.0
32,72.0,62.0,69.48,5,4,female,67.5
32,72.0,62.0,69.48,5,5,female,63.5
33,72.0,62.0,69.48,5,1,male,72.0
33,72.0,62.0,69.48,5,2,male,71.5
33,72.0,62.0,69.48,5,3,male,71.5
33,72.0,62.0,69.48,5,4,male,70.0
33,72.0,62.0,69.48,5,5,female,68.0
34,72.0,61.0,68.94,1,1,female,65.7
35,71.0,69.0,72.76,5,1,male,78.0
35,71.0,69.0,72.76,5,2,male,74.0
35,71.0,69.0,72.76,5,3,male,73.0
35,71.0,69.0,72.76,5,4,male,72.0
35,71.0,69.0,72.76,5,5,female,67.0
36,71.0,67.0,71.68,4,1,male,73.2
36,71.0,67.0,71.68,4,2,male,73.0
36,71.0,67.0,71.68,4,3,male,69.0
36,71.0,67.0,71.68,4,4,female,67.0
37,71.0,66.0,71.14,4,1,male,70.0
37,71.0,66.0,71.14,4,2,female,67.0
37,71.0,66.0,71.14,4,3,female,67.0
37,71.0,66.0,71.14,4,4,female,66.5
38,71.0,66.0,71.14,6,1,male,70.0
38,71.0,66.0,71.14,6,2,male,69.0
38,71.0,66.0,71.14,6,3,male,68.5
38,71.0,66.0,71.14,6,4,female,66.0
38,71.0,66.0,71.14,6,5,female,64.5
38,71.0,66.0,71.14,6,6,female,63.0
39,71.0,66.0,71.14,2,1,male,71.0
39,71.0,66.0,71.14,2,2,female,67.0
40,71.0,66.0,71.14,5,1,male,76.0
40,71.0,66.0,71.14,5,2,male,72.0
40,71.0,66.0,71.14,5,3,male,71.0
40,71.0,66.0,71.14,5,4,male,66.0
40,71.0,66.0,71.14,5,5,female,66.0
41,71.7,65.5,71.22,1,1,male,70.5
42,71.0,65.5,70.87,6,1,male,72.0
42,71.0,65.5,70.87,6,2,male,72.0
42,71.0,65.5,70.87,6,3,male,71.0
42,71.0,65.5,70.87,6,4,male,69.0
42,71.0,65.5,70.87,6,5,female,66.0
42,71.0,65.5,70.87,6,6,female,65.0
43,71.5,65.5,71.12,2,1,male,73.0
43,71.5,65.5,71.12,2,2,female,65.2
44,71.5,65.0,70.85,2,1,male,68.5
44,71.5,65.0,70.85,2,2,male,67.7
45,71.0,65.0,70.6,3,1,male,68.0
45,71.0,65.0,70.6,3,2,male,68.0
45,71.0,65.0,70.6,3,3,female,62.0
46,71.0,64.0,70.06,8,1,female,68.0
46,71.0,64.0,70.06,8,2,female,68.0
46,71.0,64.0,70.06,8,3,female,67.5
46,71.0,64.0,70.06,8,4,female,66.5
46,71.0,64.0,70.06,8,5,female,66.5
46,71.0,64.0,70.06,8,6,female,66.0
46,71.0,64.0,70.06,8,7,female,65.5
46,71.0,64.0,70.06,8,8,female,65.0
47,71.7,64.5,70.68,4,1,male,72.0
47,71.7,64.5,70.68,4,2,male,71.0
47,71.7,64.5,70.68,4,3,male,70.5
47,71.7,64.5,70.68,4,4,female,67.0
48,71.0,64.0,70.06,3,1,male,68.0
48,71.0,64.0,70.06,3,2,male,68.0
48,71.0,64.0,70.06,3,3,male,68.0
49,71.5,64.5,70.58,7,1,male,72.0
49,71.5,64.5,70.58,7,2,male,71.0
49,71.5,64.5,70.58,7,3,male,70.0
49,71.5,64.5,70.58,7,4,female,66.0
49,71.5,64.5,70.58,7,5,female,64.5
49,71.5,64.5,70.58,7,6,female,64.5
49,71.5,64.5,70.58,7,7,female,62.0
50,71.0,64.5,70.33,2,1,male,73.0
50,71.0,64.5,70.33,2,2,female,62.0
51,71.2,63.0,69.62,2,1,female,67.5
51,71.2,63.0,69.62,2,2,female,64.5
52,71.0,63.5,69.79,5,1,male,71.0
52,71.0,63.5,69.79,5,2,male,67.0
52,71.0,63.5,69.79,5,3,female,66.0
52,71.0,63.5,69.79,5,4,female,65.0
52,71.0,63.5,69.79,5,5,female,63.5
53,71.0,63.0,69.52,9,1,male,71.0
53,71.0,63.0,69.52,9,2,male,70.0
53,71.0,63.0,69.52,9,3,male,70.0
53,71.0,63.0,69.52,9,4,male,64.0
53,71.0,63.0,69.52,9,5,female,65.0
53,71.0,63.0,69.52,9,6,female,65.0
53,71.0,63.0,69.52,9,7,female,64.0
53,71.0,63.0,69.52,9,8,female,63.0
53,71.0,63.0,69.52,9,9,female,63.0
54,71.0,63.0,69.52,4,1,male,71.0
54,71.0,63.0,69.52,4,2,male,71.0
54,71.0,63.0,69.52,4,3,male,70.0
54,71.0,63.0,69.52,4,4,female,63.5
55,71.0,62.0,68.98,5,1,male,71.0
55,71.0,62.0,68.98,5,2,male,70.0
55,71.0,62.0,68.98,5,3,female,64.5
55,71.0,62.0,68.98,5,4,female,62.5
55,71.0,62.0,68.98,5,5,female,61.5
56,71.0,62.0,68.98,5,1,male,72.0
56,71.0,62.0,68.98,5,2,male,70.5
56,71.0,62.0,68.98,5,3,male,70.5
56,71.0,62.0,68.98,5,4,female,64.5
56,71.0,62.0,68.98,5,5,female,60.0
57,71.0,62.5,69.25,5,1,male,70.0
57,71.0,62.5,69.25,5,2,female,64.0
57,71.0,62.5,69.25,5,3,female,64.0
57,71.0,62.5,69.25,5,4,female,64.0
57,71.0,62.5,69.25,5,5,female,62.5
58,71.0,62.0,68.98,7,1,male,70.5
58,71.0,62.0,68.98,7,2,male,70.0
58,71.0,62.0,68.98,7,3,male,69.0
58,71.0,62.0,68.98,7,4,male,69.0
58,71.0,62.0,68.98,7,5,male,66.0
58,71.0,62.0,68.98,7,6,female,64.5
58,71.0,62.0,68.98,7,7,female,64.0
59,71.0,61.0,68.44,1,1,female,62.0
60,71.0,58.0,66.82,2,1,male,71.5
60,71.0,58.0,66.82,2,2,male,69.0
61,70.0,69.0,72.26,4,1,male,71.0
61,70.0,69.0,72.26,4,2,male,70.0
61,70.0,69.0,72.26,4,3,male,69.0
61,70.0,69.0,72.26,4,4,female,69.0
62,70.0,69.0,72.26,6,1,male,70.0
62,70.0,69.0,72.26,6,2,male,68.7
62,70.0,69.0,72.26,6,3,female,68.0
62,70.0,69.0,72.26,6,4,female,66.0
62,70.0,69.0,72.26,6,5,female,64.0
62,70.0,69.0,72.26,6,6,female,62.0
63,70.0,68.0,71.72,1,1,male,75.0
64,70.0,67.0,71.18,5,1,male,70.0
64,70.0,67.0,71.18,5,2,male,69.0
64,70.0,67.0,71.18,5,3,female,66.0
64,70.0,67.0,71.18,5,4,female,64.0
64,70.0,67.0,71.18,5,5,female,60.0
65,70.0,67.0,71.18,1,1,female,67.5
66,70.0,66.5,70.91,11,1,male,73.0
66,70.0,66.5,70.91,11,2,male,72.0
66,70.0,66.5,70.91,11,3,male,72.0
66,70.0,66.5,70.91,11,4,male,66.5
66,70.0,66.5,70.91,11,5,female,69.2
66,70.0,66.5,70.91,11,6,female,67.2
66,70.0,66.5,70.91,11,7,female,66.5
66,70.0,66.5,70.91,11,8,female,66.0
66,70.0,66.5,70.91,11,9,female,66.0
66,70.0,66.5,70.91,11,10,female,64.2
66,70.0,66.5,70.91,11,11,female,63.7
67,70.5,65.0,70.35,4,1,male,72.0
67,70.5,65.0,70.35,4,2,male,70.2
67,70.5,65.0,70.35,4,3,male,69.0
67,70.5,65.0,70.35,4,4,male,68.5
68,70.5,65.0,70.35,5,1,female,68.0
68,70.5,65.0,70.35,5,2,female,65.0
68,70.5,65.0,70.35,5,3,female,61.5
68,70.5,65.0,70.35,5,4,female,61.0
68,70.5,65.0,70.35,5,5,female,61.0
69,70.0,65.0,70.1,8,1,male,73.0
69,70.0,65.0,70.1,8,2,male,72.0
69,70.0,65.0,70.1,8,3,male,70.5
69,70.0,65.0,70.1,8,4,male,65.0
69,70.0,65.0,70.1,8,5,male,65.0
69,70.0,65.0,70.1,8,6,female,64.5
69,70.0,65.0,70.1,8,7,female,63.0
69,70.0,65.0,70.1,8,8,female,62.0
70,70.0,65.0,70.1,5,1,male,67.0
70,70.0,65.0,70.1,5,2,male,65.0
70,70.0,65.0,70.1,5,3,female,64.5
70,70.0,65.0,70.1,5,4,female,62.5
70,70.0,65.0,70.1,5,5,female,62.5
71,70.0,65.0,70.1,6,1,male,70.0
71,70.0,65.0,70.1,6,2,male,70.0
71,70.0,65.0,70.1,6,3,female,67.0
71,70.0,65.0,70.1,6,4,female,65.0
71,70.0,65.0,70.1,6,5,female,65.0
71,70.0,65.0,70.1,6,6,female,63.0
72,70.0,65.0,70.1,7,1,male,79.0
72,70.0,65.0,70.1,7,2,male,75.0
72,70.0,65.0,70.1,7,3,male,71.0
72,70.0,65.0,70.1,7,4,female,69.0
72,70.0,65.0,70.1,7,5,female,67.0
72,70.0,65.0,70.1,7,6,female,65.7
72,70.0,65.0,70.1,7,7,female,62.0
73,70.0,65.0,70.1,3,1,male,73.0
73,70.0,65.0,70.1,3,2,male,72.5
73,70.0,65.0,70.1,3,3,female,65.0
74,70.0,65.0,70.1,2,1,male,69.0
74,70.0,65.0,70.1,2,2,male,69.0
75,70.0,64.7,69.938,7,1,male,72.0
75,70.0,64.7,69.938,7,2,male,70.0
75,70.0,64.7,69.938,7,3,male,68.7
75,70.0,64.7,69.938,7,4,female,66.5
75,70.0,64.7,69.938,7,5,female,65.5
75,70.0,64.7,69.938,7,6,female,64.7
75,70.0,64.7,69.938,7,7,female,64.5
76,70.0,64.0,69.56,7,1,male,70.7
76,70.0,64.0,69.56,7,2,male,70.0
76,70.0,64.0,69.56,7,3,male,68.0
76,70.0,64.0,69.56,7,4,male,67.0
76,70.0,64.0,69.56,7,5,male,66.0
76,70.0,64.0,69.56,7,6,male,65.0
76,70.0,64.0,69.56,7,7,female,67.0
77,70.0,64.0,69.56,4,1,male,70.0
77,70.0,64.0,69.56,4,2,male,68.0
77,70.0,64.0,69.56,4,3,male,66.7
77,70.0,64.0,69.56,4,4,female,65.5
78,70.0,64.2,69.668,5,1,male,72.0
78,70.0,64.2,69.668,5,2,male,70.0
78,70.0,64.2,69.668,5,3,female,62.5
78,70.0,64.2,69.668,5,4,female,61.2
78,70.0,64.2,69.668,5,5,female,60.1
79,70.5,64.0,69.81,8,1,male,74.0
79,70.5,64.0,69.81,8,2,male,69.5
79,70.5,64.0,69.81,8,3,male,69.0
79,70.5,64.0,69.81,8,4,male,68.0
79,70.5,64.0,69.81,8,5,male,68.0
79,70.5,64.0,69.81,8,6,male,68.0
79,70.5,64.0,69.81,8,7,female,65.5
79,70.5,64.0,69.81,8,8,female,65.0
80,70.5,64.5,70.08,1,1,female,60.0
81,70.0,64.0,69.56,4,1,male,68.0
81,70.0,64.0,69.56,4,2,female,65.0
81,70.0,64.0,69.56,4,3,female,64.0
81,70.0,64.0,69.56,4,4,female,62.0
82,70.0,64.0,69.56,9,1,male,71.0
82,70.0,64.0,69.56,9,2,male,70.0
82,70.0,64.0,69.56,9,3,male,70.0
82,70.0,64.0,69.56,9,4,male,70.0
82,70.0,64.0,69.56,9,5,male,69.5
82,70.0,64.0,69.56,9,6,male,68.5
82,70.0,64.0,69.56,9,7,female,69.0
82,70.0,64.0,69.56,9,8,female,65.0
82,70.0,64.0,69.56,9,9,female,64.0
83,70.0,63.7,69.398,8,1,male,70.0
83,70.0,63.7,69.398,8,2,male,67.0
83,70.0,63.7,69.398,8,3,male,65.5
83,70.0,63.7,69.398,8,4,female,63.7
83,70.0,63.7,69.398,8,5,female,63.2
83,70.0,63.7,69.398,8,6,female,62.5
83,70.0,63.7,69.398,8,7,female,62.2
83,70.0,63.7,69.398,8,8,female,61.0
84,70.5,63.0,69.27,4,1,male,70.0
84,70.5,63.0,69.27,4,2,male,68.5
84,70.5,63.0,69.27,4,3,female,65.5
84,70.5,63.0,69.27,4,4,female,63.5
85,70.5,63.0,69.27,5,1,male,72.5
85,70.5,63.0,69.27,5,2,male,69.0
85,70.5,63.0,69.27,5,3,male,67.0
85,70.5,63.0,69.27,5,4,female,64.5
85,70.5,63.0,69.27,5,5,female,64.0
86,70.0,63.5,69.29,4,1,male,71.0
86,70.0,63.5,69.29,4,2,male,67.5
86,70.0,63.5,69.29,4,3,female,67.5
86,70.0,63.5,69.29,4,4,female,63.5
87,70.0,63.0,69.02,4,1,male,68.0
87,70.0,63.0,69.02,4,2,male,67.0
87,70.0,63.0,69.02,4,3,female,63.7
87,70.0,63.0,69.02,4,4,female,62.0
88,70.0,63.0,69.02,4,1,male,70.0
88,70.0,63.0,69.02,4,2,male,66.5
88,70.0,63.0,69.02,4,3,female,62.0
88,70.0,63.0,69.02,4,4,female,61.0
89,70.5,62.0,68.73,8,1,male,72.0
89,70.5,62.0,68.73,8,2,male,70.0
89,70.5,62.0,68.73,8,3,male,69.5
89,70.5,62.0,68.73,8,4,male,69.5
89,70.5,62.0,68.73,8,5,male,68.0
89,70.5,62.0,68.73,8,6,female,65.0
89,70.5,62.0,68.73,8,7,female,64.0
89,70.5,62.0,68.73,8,8,female,63.0
90,70.3,62.7,69.008,7,1,male,70.7
90,70.3,62.7,69.008,7,2,male,69.7
90,70.3,62.7,69.008,7,3,male,69.2
90,70.3,62.7,69.008,7,4,male,65.2
90,70.3,62.7,69.008,7,5,female,64.0
90,70.3,62.7,69.008,7,6,female,63.5
90,70.3,62.7,69.008,7,7,female,63.2
91,70.5,62.0,68.73,3,1,male,72.0
91,70.5,62.0,68.73,3,2,male,72.0
91,70.5,62.0,68.73,3,3,female,60.0
92,70.0,61.0,67.94,2,1,male,71.2
92,70.0,61.0,67.94,2,2,male,67.0
93,70.0,60.0,67.4,4,1,male,67.0
93,70.0,60.0,67.4,4,2,male,64.5
93,70.0,60.0,67.4,4,3,female,65.0
93,70.0,60.0,67.4,4,4,female,63.0
94,70.0,60.0,67.4,2,1,female,65.0
94,70.0,60.0,67.4,2,2,female,65.0
95,70.0,58.5,66.59,3,1,male,71.5
95,70.0,58.5,66.59,3,2,male,64.5
95,70.0,58.5,66.59,3,3,female,63.0
96,70.0,58.0,66.32,5,1,male,72.0
96,70.0,58.0,66.32,5,2,male,66.0
96,70.0,58.0,66.32,5,3,female,66.0
96,70.0,58.0,66.32,5,4,female,65.0
96,70.0,58.0,66.32,5,5,female,63.0
97,69.0,68.5,71.49,10,1,male,75.0
97,69.0,68.5,71.49,10,2,male,71.0
97,69.0,68.5,71.49,10,3,male,70.0
97,69.0,68.5,71.49,10,4,female,66.0
97,69.0,68.5,71.49,10,5,female,66.0
97,69.0,68.5,71.49,10,6,female,65.5
97,69.0,68.5,71.49,10,7,female,65.0
97,69.0,68.5,71.49,10,8,female,65.0
97,69.0,68.5,71.49,10,9,female,64.0
97,69.0,68.5,71.49,10,10,female,64.0
98,69.0,67.0,70.68,1,1,female,64.0
99,69.0,66.0,70.14,8,1,male,73.0
99,69.0,66.0,70.14,8,2,male,72.0
99,69.0,66.0,70.14,8,3,male,71.7
99,69.0,66.0,70.14,8,4,male,71.5
99,69.0,66.0,70.14,8,5,female,65.5
99,69.0,66.0,70.14,8,6,female,65.0
99,69.0,66.0,70.14,8,7,female,62.7
99,69.0,66.0,70.14,8,8,female,62.5
100,69.0,66.0,70.14,3,1,male,71.2
100,69.0,66.0,70.14,3,2,male,71.0
100,69.0,66.0,70.14,3,3,male,70.0
101,69.0,66.7,70.518,4,1,male,75.0
101,69.0,66.7,70.518,4,2,male,74.0
101,69.0,66.7,70.518,4,3,male,72.0
101,69.0,66.7,70.518,4,4,male,68.5
102,69.0,66.0,70.14,6,1,male,70.0
102,69.0,66.0,70.14,6,2,male,68.5
102,69.0,66.0,70.14,6,3,male,68.0
102,69.0,66.0,70.14,6,4,female,65.0
102,69.0,66.0,70.14,6,5,female,63.0
102,69.0,66.0,70.14,6,6,female,62.5
103,69.0,66.5,70.41,7,1,male,73.0
103,69.0,66.5,70.41,7,2,male,71.0
103,69.0,66.5,70.41,7,3,male,70.5
103,69.0,66.5,70.41,7,4,male,70.5
103,69.0,66.5,70.41,7,5,male,67.0
103,69.0,66.5,70.41,7,6,male,66.0
103,69.0,66.5,70.41,7,7,female,61.0
104,69.5,66.5,70.66,4,1,male,70.5
104,69.5,66.5,70.66,4,2,male,67.5
104,69.5,66.5,70.66,4,3,female,64.5
104,69.5,66.5,70.66,4,4,female,64.0
105,69.0,66.5,70.41,6,1,male,71.0
105,69.0,66.5,70.41,6,2,female,68.5
105,69.0,66.5,70.41,6,3,female,67.5
105,69.0,66.5,70.41,6,4,female,66.0
105,69.0,66.5,70.41,6,5,female,63.0
105,69.0,66.5,70.41,6,6,female,63.0
106,69.5,66.0,70.39,7,1,male,71.0
106,69.5,66.0,70.39,7,2,male,71.0
106,69.5,66.0,70.39,7,3,male,70.5
106,69.5,66.0,70.39,7,4,male,70.5
106,69.5,66.0,70.39,7,5,female,66.5
106,69.5,66.0,70.39,7,6,female,65.5
106,69.5,66.0,70.39,7,7,female,64.5
107,69.0,66.0,70.14,9,1,male,73.0
107,69.0,66.0,70.14,9,2,male,72.0
107,69.0,66.0,70.14,9,3,male,69.0
107,69.0,66.0,70.14,9,4,male,69.0
107,69.0,66.0,70.14,9,5,female,66.5
107,69.0,66.0,70.14,9,6,female,65.5
107,69.0,66.0,70.14,9,7,female,65.5
107,69.0,66.0,70.14,9,8,female,65.0
107,69.0,66.0,70.14,9,9,female,64.0
108,69.0,65.0,69.6,7,1,male,70.0
108,69.0,65.0,69.6,7,2,male,68.5
108,69.0,65.0,69.6,7,3,male,67.0
108,69.0,65.0,69.6,7,4,female,65.0
108,69.0,65.0,69.6,7,5,female,64.0
108,69.0,65.0,69.6,7,6,female,63.5
108,69.0,65.0,69.6,7,7,female,61.0
109,69.5,64.5,69.58,7,1,male,69.7
109,69.5,64.5,69.58,7,2,male,68.0
109,69.5,64.5,69.58,7,3,male,60.0
109,69.5,64.5,69.58,7,4,female,65.2
109,69.5,64.5,69.58,7,5,female,64.5
109,69.5,64.5,69.58,7,6,female,63.7
109,69.5,64.5,69.58,7,7,female,60.0
110,69.2,64.0,69.16,4,1,male,71.7
110,69.2,64.0,69.16,4,2,male,66.5
110,69.2,64.0,69.16,4,3,female,65.0
110,69.2,64.0,69.16,4,4,female,63.5
111,69.0,63.5,68.79,1,1,female,65.5
112,69.0,63.0,68.52,3,1,male,69.0
112,69.0,63.0,68.52,3,2,female,67.5
112,69.0,63.0,68.52,3,3,female,63.5
113,69.0,63.0,68.52,1,1,male,72.0
114,69.0,63.0,68.52,6,1,male,73.0
114,69.0,63.0,68.52,6,2,male,70.0
114,69.0,63.0,68.52,6,3,male,70.0
114,69.0,63.0,68.52,6,4,male,64.0
114,69.0,63.0,68.52,6,5,female,66.0
114,69.0,63.0,68.52,6,6,female,62.0
115,69.0,63.5,68.79,7,1,male,70.5
115,69.0,63.5,68.79,7,2,male,67.0
115,69.0,63.5,68.79,7,3,male,66.0
115,69.0,63.5,68.79,7,4,female,65.0
115,69.0,63.5,68.79,7,5,female,63.0
115,69.0,63.5,68.79,7,6,female,62.0
115,69.0,63.5,68.79,7,7,female,61.0
116,69.0,63.5,68.79,3,1,male,70.5
116,69.0,63.5,68.79,3,2,female,63.7
116,69.0,63.5,68.79,3,3,female,63.0
117,69.7,62.0,68.33,1,1,female,62.5
118,69.5,62.0,68.23,3,1,male,73.0
118,69.5,62.0,68.23,3,2,male,72.0
118,69.5,62.0,68.23,3,3,male,69.0
119,69.0,62.0,67.98,5,1,male,73.0
119,69.0,62.0,67.98,5,2,male,71.0
119,69.0,62.0,67.98,5,3,male,71.0
119,69.0,62.0,67.98,5,4,male,69.0
119,69.0,62.0,67.98,5,5,female,63.0
120,69.5,62.0,68.23,11,1,male,72.0
120,69.5,62.0,68.23,11,2,male,70.0
120,69.5,62.0,68.23,11,3,male,67.8
120,69.5,62.0,68.23,11,4,female,65.2
120,69.5,62.0,68.23,11,5,female,64.7
120,69.5,62.0,68.23,11,6,female,64.5
120,69.5,62.0,68.23,11,7,female,63.5
120,69.5,62.0,68.23,11,8,female,63.5
120,69.5,62.0,68.23,11,9,female,62.5
120,69.5,62.0,68.23,11,10,female,62.0
120,69.5,62.0,68.23,11,11,female,61.5
121,69.0,62.5,68.25,8,1,male,71.0
121,69.0,62.5,68.25,8,2,male,70.0
121,69.0,62.5,68.25,8,3,male,70.0
121,69.0,62.5,68.25,8,4,male,69.0
121,69.0,62.5,68.25,8,5,female,63.5
121,69.0,62.5,68.25,8,6,female,62.5
121,69.0,62.5,68.25,8,7,female,62.5
121,69.0,62.5,68.25,8,8,female,62.0
122,69.0,62.0,67.98,4,1,male,72.0
122,69.0,62.0,67.98,4,2,male,68.0
122,69.0,62.0,67.98,4,3,female,66.0
122,69.0,62.0,67.98,4,4,female,66.0
123,69.5,61.0,67.69,5,1,male,70.0
123,69.5,61.0,67.69,5,2,male,69.5
123,69.5,61.0,67.69,5,3,male,69.0
123,69.5,61.0,67.69,5,4,female,63.0
123,69.5,61.0,67.69,5,5,female,62.0
124,69.0,61.0,67.44,9,1,male,68.0
124,69.0,61.0,67.44,9,2,male,68.0
124,69.0,61.0,67.44,9,3,male,67.5
124,69.0,61.0,67.44,9,4,male,64.0
124,69.0,61.0,67.44,9,5,male,63.0
124,69.0,61.0,67.44,9,6,male,63.0
124,69.0,61.0,67.44,9,7,female,63.5
124,69.0,61.0,67.44,9,8,female,62.0
124,69.0,61.0,67.44,9,9,female,62.0
125,69.0,60.0,66.9,3,1,male,70.5
125,69.0,60.0,66.9,3,2,female,68.0
125,69.0,60.0,66.9,3,3,female,62.5
126,69.0,60.0,66.9,4,1,male,69.0
126,69.0,60.0,66.9,4,2,male,66.0
126,69.0,60.0,66.9,4,3,female,61.7
126,69.0,60.0,66.9,4,4,female,60.5
127,69.0,60.5,67.17,1,1,male,69.5
128,68.7,70.5,72.42,2,1,male,71.0
128,68.7,70.5,72.42,2,2,female,61.7
129,68.5,67.0,70.43,3,1,male,73.0
129,68.5,67.0,70.43,3,2,male,71.0
129,68.5,67.0,70.43,3,3,female,67.0
130,68.5,66.5,70.16,11,1,male,70.0
130,68.5,66.5,70.16,11,2,male,69.0
130,68.5,66.5,70.16,11,3,male,69.0
130,68.5,66.5,70.16,11,4,male,68.7
130,68.5,66.5,70.16,11,5,male,68.5
130,68.5,66.5,70.16,11,6,male,68.5
130,68.5,66.5,70.16,11,7,male,68.0
130,68.5,66.5,70.16,11,8,male,68.0
130,68.5,66.5,70.16,11,9,male,68.0
130,68.5,66.5,70.16,11,10,male,66.2
130,68.5,66.5,70.16,11,11,female,63.2
131,68.0,65.0,69.1,2,1,male,67.5
131,68.0,65.0,69.1,2,2,male,66.0
132,68.0,65.5,69.37,2,1,male,66.0
132,68.0,65.5,69.37,2,2,female,64.0
133,68.0,65.5,69.37,7,1,male,71.7
133,68.0,65.5,69.37,7,2,male,71.5
133,68.0,65.5,69.37,7,3,male,70.7
133,68.0,65.5,69.37,7,4,male,65.5
133,68.0,65.5,69.37,7,5,female,66.5
133,68.0,65.5,69.37,7,6,female,65.2
133,68.0,65.5,69.37,7,7,female,61.5
134,68.0,65.0,69.1,4,1,male,72.0
134,68.0,65.0,69.1,4,2,male,72.0
134,68.0,65.0,69.1,4,3,female,68.0
134,68.0,65.0,69.1,4,4,female,66.0
135,68.5,65.0,69.35,8,1,male,69.2
135,68.5,65.0,69.35,8,2,male,68.0
135,68.5,65.0,69.35,8,3,male,66.0
135,68.5,65.0,69.35,8,4,male,66.0
135,68.5,65.0,69.35,8,5,female,62.0
135,68.5,65.0,69.35,8,6,female,61.5
135,68.5,65.0,69.35,8,7,female,61.0
135,68.5,65.0,69.35,8,8,female,60.0
136A,68.5,65.0,69.35,8,1,male,72.0
136A,68.5,65.0,69.35,8,2,male,70.5
136A,68.5,65.0,69.35,8,3,male,68.7
136A,68.5,65.0,69.35,8,4,male,68.5
136A,68.5,65.0,69.35,8,5,male,67.7
136A,68.5,65.0,69.35,8,6,female,64.0
136A,68.5,65.0,69.35,8,7,female,63.5
136A,68.5,65.0,69.35,8,8,female,63.0
136,68.0,64.0,68.56,10,1,male,71.0
136,68.0,64.0,68.56,10,2,male,68.0
136,68.0,64.0,68.56,10,3,male,68.0
136,68.0,64.0,68.56,10,4,male,67.0
136,68.0,64.0,68.56,10,5,female,65.0
136,68.0,64.0,68.56,10,6,female,64.0
136,68.0,64.0,68.56,10,7,female,63.0
136,68.0,64.0,68.56,10,8,female,63.0
136,68.0,64.0,68.56,10,9,female,62.0
136,68.0,64.0,68.56,10,10,female,61.0
137,68.0,64.0,68.56,4,1,male,66.0
137,68.0,64.0,68.56,4,2,male,63.0
137,68.0,64.0,68.56,4,3,female,65.5
137,68.0,64.0,68.56,4,4,female,62.0
138,68.0,64.0,68.56,5,1,male,71.2
138,68.0,64.0,68.56,5,2,male,71.2
138,68.0,64.0,68.56,5,3,male,69.0
138,68.0,64.0,68.56,5,4,male,68.5
138,68.0,64.0,68.56,5,5,female,62.5
139,68.0,64.5,68.83,1,1,female,62.0
140,68.0,64.0,68.56,10,1,male,69.0
140,68.0,64.0,68.56,10,2,male,67.0
140,68.0,64.0,68.56,10,3,male,66.0
140,68.0,64.0,68.56,10,4,female,66.0
140,68.0,64.0,68.56,10,5,female,66.0
140,68.0,64.0,68.56,10,6,female,65.0
140,68.0,64.0,68.56,10,7,female,65.0
140,68.0,64.0,68.56,10,8,female,65.0
140,68.0,64.0,68.56,10,9,female,64.0
140,68.0,64.0,68.56,10,10,female,63.0
141,68.0,63.0,68.02,8,1,male,70.5
141,68.0,63.0,68.02,8,2,male,70.0
141,68.0,63.0,68.02,8,3,male,68.0
141,68.0,63.0,68.02,8,4,male,66.0
141,68.0,63.0,68.02,8,5,male,66.0
141,68.0,63.0,68.02,8,6,female,66.0
141,68.0,63.0,68.02,8,7,female,62.0
141,68.0,63.0,68.02,8,8,female,61.5
142,68.5,63.5,68.54,4,1,male,73.5
142,68.5,63.5,68.54,4,2,male,70.0
142,68.5,63.5,68.54,4,3,male,69.5
142,68.5,63.5,68.54,4,4,female,65.5
143,68.0,63.0,68.02,1,1,male,67.0
144,68.0,63.0,68.02,4,1,male,70.0
144,68.0,63.0,68.02,4,2,male,68.0
144,68.0,63.0,68.02,4,3,female,64.5
144,68.0,63.0,68.02,4,4,female,64.0
145,68.0,63.0,68.02,8,1,male,71.0
145,68.0,63.0,68.02,8,2,male,68.0
145,68.0,63.0,68.02,8,3,male,66.0
145,68.0,63.0,68.02,8,4,male,65.5
145,68.0,63.0,68.02,8,5,male,65.0
145,68.0,63.0,68.02,8,6,female,63.0
145,68.0,63.0,68.02,8,7,female,62.0
145,68.0,63.0,68.02,8,8,female,62.0
146,68.0,63.0,68.02,6,1,male,67.0
146,68.0,63.0,68.02,6,2,male,67.0
146,68.0,63.0,68.02,6,3,male,66.0
146,68.0,63.0,68.02,6,4,female,64.0
146,68.0,63.0,68.02,6,5,female,63.5
146,68.0,63.0,68.02,6,6,female,61.0
147,68.5,63.5,68.54,1,1,male,68.2
148,68.0,63.0,68.02,1,1,male,70.0
149,68.2,63.5,68.39,5,1,male,70.0
149,68.2,63.5,68.39,5,2,male,69.0
149,68.2,63.5,68.39,5,3,male,67.0
149,68.2,63.5,68.39,5,4,male,65.5
149,68.2,63.5,68.39,5,5,female,64.5
150,68.0,62.5,67.75,1,1,male,68.5
151,68.7,62.0,67.83,2,1,male,67.7
151,68.7,62.0,67.83,2,2,female,61.7
152,68.0,62.5,67.75,1,1,male,66.5
153,68.0,61.0,66.94,5,1,male,68.5
153,68.0,61.0,66.94,5,2,male,68.0
153,68.0,61.0,66.94,5,3,male,64.0
153,68.0,61.0,66.94,5,4,female,63.5
153,68.0,61.0,66.94,5,5,female,63.0
154,68.0,60.2,66.508,1,1,male,66.7
155,68.0,60.0,66.4,7,1,male,64.0
155,68.0,60.0,66.4,7,2,female,61.0
155,68.0,60.0,66.4,7,3,female,61.0
155,68.0,60.0,66.4,7,4,female,60.0
155,68.0,60.0,66.4,7,5,female,60.0
155,68.0,60.0,66.4,7,6,female,60.0
155,68.0,60.0,66.4,7,7,female,56.0
156,68.0,60.0,66.4,4,1,male,67.5
156,68.0,60.0,66.4,4,2,male,67.0
156,68.0,60.0,66.4,4,3,male,66.5
156,68.0,60.0,66.4,4,4,female,60.0
157,68.5,59.0,66.11,1,1,male,69.0
158,68.0,59.0,65.86,10,1,male,68.0
158,68.0,59.0,65.86,10,2,male,65.0
158,68.0,59.0,65.86,10,3,male,64.7
158,68.0,59.0,65.86,10,4,male,64.0
158,68.0,59.0,65.86,10,5,male,64.0
158,68.0,59.0,65.86,10,6,male,63.0
158,68.0,59.0,65.86,10,7,female,65.0
158,68.0,59.0,65.86,10,8,female,65.0
158,68.0,59.0,65.86,10,9,female,62.0
158,68.0,59.0,65.86,10,10,female,61.0
159,67.0,66.2,69.248,5,1,male,72.7
159,67.0,66.2,69.248,5,2,male,72.7
159,67.0,66.2,69.248,5,3,male,71.5
159,67.0,66.2,69.248,5,4,female,65.5
159,67.0,66.2,69.248,5,5,female,63.5
160,67.0,66.5,69.41,1,1,male,71.0
161,67.0,66.0,69.14,8,1,male,73.0
161,67.0,66.0,69.14,8,2,male,71.0
161,67.0,66.0,69.14,8,3,male,70.7
161,67.0,66.0,69.14,8,4,male,70.0
161,67.0,66.0,69.14,8,5,male,69.0
161,67.0,66.0,69.14,8,6,female,68.0
161,67.0,66.0,69.14,8,7,female,65.5
161,67.0,66.0,69.14,8,8,female,62.0
162,67.0,65.0,68.6,6,1,male,69.7
162,67.0,65.0,68.6,6,2,male,67.5
162,67.0,65.0,68.6,6,3,female,65.5
162,67.0,65.0,68.6,6,4,female,65.0
162,67.0,65.0,68.6,6,5,female,64.5
162,67.0,65.0,68.6,6,6,female,63.5
163,67.0,65.5,68.87,5,1,male,70.0
163,67.0,65.5,68.87,5,2,male,69.0
163,67.0,65.5,68.87,5,3,female,65.5
163,67.0,65.5,68.87,5,4,female,65.5
163,67.0,65.5,68.87,5,5,female,63.0
164,67.0,65.5,68.87,4,1,male,70.0
164,67.0,65.5,68.87,4,2,male,67.7
164,67.0,65.5,68.87,4,3,female,63.0
164,67.0,65.5,68.87,4,4,female,60.0
165,67.0,65.0,68.6,3,1,male,65.0
165,67.0,65.0,68.6,3,2,female,62.0
165,67.0,65.0,68.6,3,3,female,62.0
166,67.5,65.0,68.85,11,1,male,71.0
166,67.5,65.0,68.85,11,2,male,69.0
166,67.5,65.0,68.85,11,3,female,64.0
166,67.5,65.0,68.85,11,4,female,64.0
166,67.5,65.0,68.85,11,5,female,63.0
166,67.5,65.0,68.85,11,6,female,63.0
166,67.5,65.0,68.85,11,7,female,63.0
166,67.5,65.0,68.85,11,8,female,63.0
166,67.5,65.0,68.85,11,9,female,63.0
166,67.5,65.0,68.85,11,10,female,62.5
166,67.5,65.0,68.85,11,11,female,62.0
167,67.0,64.0,68.06,4,1,male,71.5
167,67.0,64.0,68.06,4,2,male,70.0
167,67.0,64.0,68.06,4,3,male,67.0
167,67.0,64.0,68.06,4,4,male,67.0
168,67.0,63.5,67.79,8,1,male,71.0
168,67.0,63.5,67.79,8,2,male,70.2
168,67.0,63.5,67.79,8,3,male,69.2
168,67.0,63.5,67.79,8,4,male,68.5
168,67.0,63.5,67.79,8,5,male,68.0
168,67.0,63.5,67.79,8,6,male,67.0
168,67.0,63.5,67.79,8,7,male,65.5
168,67.0,63.5,67.79,8,8,female,63.5
169,67.0,63.0,67.52,3,1,male,69.0
169,67.0,63.0,67.52,3,2,male,68.0
169,67.0,63.0,67.52,3,3,female,63.0
170,67.5,62.0,67.23,5,1,male,70.0
170,67.5,62.0,67.23,5,2,male,69.5
170,67.5,62.0,67.23,5,3,male,69.0
170,67.5,62.0,67.23,5,4,male,68.5
170,67.5,62.0,67.23,5,5,female,66.0
171,67.0,61.0,66.44,1,1,male,67.0
172,66.0,67.0,69.18,8,1,male,70.5
172,66.0,67.0,69.18,8,2,male,70.5
172,66.0,67.0,69.18,8,3,male,67.0
172,66.0,67.0,69.18,8,4,male,66.0
172,66.0,67.0,69.18,8,5,male,66.0
172,66.0,67.0,69.18,8,6,female,62.0
172,66.0,67.0,69.18,8,7,female,62.0
172,66.0,67.0,69.18,8,8,female,61.5
173,66.0,67.0,69.18,9,1,male,72.0
173,66.0,67.0,69.18,9,2,male,65.0
173,66.0,67.0,69.18,9,3,male,65.0
173,66.0,67.0,69.18,9,4,female,67.0
173,66.0,67.0,69.18,9,5,female,64.0
173,66.0,67.0,69.18,9,6,female,64.0
173,66.0,67.0,69.18,9,7,female,62.0
173,66.0,67.0,69.18,9,8,female,60.0
173,66.0,67.0,69.18,9,9,female,60.0
174,66.0,66.0,68.64,5,1,male,66.0
174,66.0,66.0,68.64,5,2,male,65.0
174,66.0,66.0,68.64,5,3,female,67.0
174,66.0,66.0,68.64,5,4,female,66.5
174,66.0,66.0,68.64,5,5,female,65.5
175,66.0,66.0,68.64,6,1,male,72.0
175,66.0,66.0,68.64,6,2,male,68.0
175,66.0,66.0,68.64,6,3,female,66.0
175,66.0,66.0,68.64,6,4,female,65.0
175,66.0,66.0,68.64,6,5,female,62.0
175,66.0,66.0,68.64,6,6,female,61.0
176,66.5,65.0,68.35,8,1,male,68.7
176,66.5,65.0,68.35,8,2,male,68.5
176,66.5,65.0,68.35,8,3,male,66.5
176,66.5,65.0,68.35,8,4,male,64.5
176,66.5,65.0,68.35,8,5,female,62.5
176,66.5,65.0,68.35,8,6,female,60.5
176,66.5,65.0,68.35,8,7,female,60.5
176,66.5,65.0,68.35,8,8,female,57.5
177,66.0,65.5,68.37,5,1,male,72.0
177,66.0,65.5,68.37,5,2,male,71.0
177,66.0,65.5,68.37,5,3,male,67.0
177,66.0,65.5,68.37,5,4,female,66.0
177,66.0,65.5,68.37,5,5,female,65.0
178,66.0,63.0,67.02,1,1,male,70.0
179,66.0,63.5,67.29,2,1,female,64.5
179,66.0,63.5,67.29,2,2,female,62.0
180,66.5,63.0,67.27,6,1,male,67.2
180,66.5,63.0,67.27,6,2,male,67.0
180,66.5,63.0,67.27,6,3,male,65.0
180,66.5,63.0,67.27,6,4,female,65.0
180,66.5,63.0,67.27,6,5,female,65.0
180,66.5,63.0,67.27,6,6,female,63.0
181,66.5,62.5,67.0,7,1,male,70.0
181,66.5,62.5,67.0,7,2,male,68.0
181,66.5,62.5,67.0,7,3,female,63.5
181,66.5,62.5,67.0,7,4,female,62.5
181,66.5,62.5,67.0,7,5,female,62.5
181,66.5,62.5,67.0,7,6,female,62.5
181,66.5,62.5,67.0,7,7,female,62.5
182,66.0,61.5,66.21,1,1,male,70.0
183,66.0,60.0,65.4,4,1,male,68.0
183,66.0,60.0,65.4,4,2,male,67.0
183,66.0,60.0,65.4,4,3,male,65.0
183,66.0,60.0,65.4,4,4,female,60.0
184,66.0,60.0,65.4,1,1,male,65.0
185,66.0,59.0,64.86,15,1,male,68.0
185,66.0,59.0,64.86,15,2,male,67.0
185,66.0,59.0,64.86,15,3,male,66.5
185,66.0,59.0,64.86,15,4,male,66.0
185,66.0,59.0,64.86,15,5,male,65.7
185,66.0,59.0,64.86,15,6,male,65.5
185,66.0,59.0,64.86,15,7,male,65.0
185,66.0,59.0,64.86,15,8,female,65.0
185,66.0,59.0,64.86,15,9,female,64.0
185,66.0,59.0,64.86,15,10,female,63.0
185,66.0,59.0,64.86,15,11,female,62.0
185,66.0,59.0,64.86,15,12,female,61.0
185,66.0,59.0,64.86,15,13,female,60.0
185,66.0,59.0,64.86,15,14,female,58.0
185,66.0,59.0,64.86,15,15,female,57.0
186,65.0,67.0,68.68,4,1,male,66.5
186,65.0,67.0,68.68,4,2,male,66.0
186,65.0,67.0,68.68,4,3,male,66.0
186,65.0,67.0,68.68,4,4,female,65.0
187,65.0,67.0,68.68,1,1,female,63.0
188,65.0,66.0,68.14,4,1,male,63.0
188,65.0,66.0,68.14,4,2,female,63.0
188,65.0,66.0,68.14,4,3,female,63.0
188,65.0,66.0,68.14,4,4,female,60.0
189,65.0,66.0,68.14,5,1,male,67.0
189,65.0,66.0,68.14,5,2,male,66.0
189,65.0,66.0,68.14,5,3,male,65.0
189,65.0,66.0,68.14,5,4,female,65.0
189,65.0,66.0,68.14,5,5,female,61.0
190,65.0,65.0,67.6,9,1,male,69.0
190,65.0,65.0,67.6,9,2,male,68.0
190,65.0,65.0,67.6,9,3,male,68.0
190,65.0,65.0,67.6,9,4,female,65.0
190,65.0,65.0,67.6,9,5,female,65.0
190,65.0,65.0,67.6,9,6,female,62.0
190,65.0,65.0,67.6,9,7,female,62.0
190,65.0,65.0,67.6,9,8,female,61.0
190,65.0,65.0,67.6,9,9,female,59.0
191,65.0,65.5,67.87,2,1,male,70.7
191,65.0,65.5,67.87,2,2,female,65.5
192,65.0,65.0,67.6,6,1,male,69.2
192,65.0,65.0,67.6,6,2,male,69.0
192,65.0,65.0,67.6,6,3,male,68.0
192,65.0,65.0,67.6,6,4,male,67.7
192,65.0,65.0,67.6,6,5,female,64.5
192,65.0,65.0,67.6,6,6,female,60.5
193,65.0,64.0,67.06,6,1,male,67.0
193,65.0,64.0,67.06,6,2,male,67.0
193,65.0,64.0,67.06,6,3,female,64.0
193,65.0,64.0,67.06,6,4,female,64.0
193,65.0,64.0,67.06,6,5,female,62.5
193,65.0,64.0,67.06,6,6,female,60.5
194,65.0,63.0,66.52,2,1,male,70.0
194,65.0,63.0,66.52,2,2,female,63.0
195,65.0,63.0,66.52,3,1,male,66.0
195,65.0,63.0,66.52,3,2,male,66.0
195,65.0,63.0,66.52,3,3,female,63.0
196,65.5,63.0,66.77,4,1,male,71.0
196,65.5,63.0,66.77,4,2,male,71.0
196,65.5,63.0,66.77,4,3,male,69.0
196,65.5,63.0,66.77,4,4,female,63.5
197,65.5,60.0,65.15,5,1,male,68.0
197,65.5,60.0,65.15,5,2,male,68.0
197,65.5,60.0,65.15,5,3,male,67.0
197,65.5,60.0,65.15,5,4,male,67.0
197,65.5,60.0,65.15,5,5,female,62.0
198,64.0,64.0,66.56,7,1,male,71.5
198,64.0,64.0,66.56,7,2,male,68.0
198,64.0,64.0,66.56,7,3,female,65.5
198,64.0,64.0,66.56,7,4,female,64.0
198,64.0,64.0,66.56,7,5,female,62.0
198,64.0,64.0,66.56,7,6,female,62.0
198,64.0,64.0,66.56,7,7,female,61.0
199,64.0,64.0,66.56,7,1,male,70.5
199,64.0,64.0,66.56,7,2,male,68.0
199,64.0,64.0,66.56,7,3,female,67.0
199,64.0,64.0,66.56,7,4,female,65.0
199,64.0,64.0,66.56,7,5,female,64.0
199,64.0,64.0,66.56,7,6,female,64.0
199,64.0,64.0,66.56,7,7,female,60.0
200,64.0,63.0,66.02,1,1,male,64.5
201,64.0,60.0,64.4,2,1,male,66.0
201,64.0,60.0,64.4,2,2,female,60.0
202,63.0,63.5,65.79,2,1,female,68.5
202,63.0,63.5,65.79,2,2,female,63.5
203,62.0,66.0,66.64,3,1,male,64.0
203,62.0,66.0,66.64,3,2,female,62.0
203,62.0,66.0,66.64,3,3,female,61.0
204,62.5,63.0,65.27,2,1,male,66.5
204,62.5,63.0,65.27,2,2,female,57.0
